,Technology,Financial,Healthcare,Consumer,Energy,Industrial,Utilities
Low Volatility,0.5139240506329114,0.529957805907173,0.5367088607594936,0.4928270042194093,0.4928270042194093,0.510548523206751,0.5037974683544304
Medium Volatility,0.5030625832223701,0.5113182423435421,0.49613848202396804,0.49347536617842885,0.5171770972037283,0.49187749667110525,0.4894806924101198
High Volatility,0.48830188679245284,0.49962264150943403,0.48830188679245284,0.5011320754716981,0.5033962264150943,0.5071698113207547,0.4867924528301886
